[{
  "_id": {
    "$oid": "68e7ede24a21764175844509"
  },
  "orderNumber": "ORD-1760030178615-S37MMEC0C",
  "user": {
    "$oid": "68e7cbaac8d4bc217fceacdc"
  },
  "items": [
    {
      "product": {
        "$oid": "68e7caa2de8d916fbbeef5bf"
      },
      "variant": {
        "$oid": "68e7caa2de8d916fbbeef5c0"
      },
      "productName": "Samsung 980 PRO 2TB NVMe SSD",
      "variantName": "2TB",
      "quantity": 1,
      "price": 5990000,
      "total": 5990000,
      "_id": {
        "$oid": "68e7ede24a2176417584450a"
      }
    }
  ],
  "shippingAddress": {
    "fullName": "Nam Huynh",
    "street": "Đfdfsđsfds",
    "city": "Ho Chi Minh City",
    "state": "Đfdfsđsfds",
    "zipCode": "700000",
    "country": "Vietnam"
  },
  "paymentMethod": "cod",
  "paymentStatus": "pending",
  "status": "confirmed",
  "subtotal": 5990000,
  "tax": 599000,
  "shipping": 0,
  "discount": 0,
  "total": 6589000,
  "loyaltyPointsUsed": 0,
  "loyaltyPointsEarned": 658900,
  "statusHistory": [
    {
      "status": "confirmed",
      "timestamp": {
        "$date": "2025-10-09T18:50:44.633Z"
      },
      "note": "",
      "updatedBy": {
        "$oid": "68e7caa2de8d916fbbeef59a"
      },
      "_id": {
        "$oid": "68e804048be0aaf5228ada3b"
      }
    },
    {
      "status": "confirmed",
      "timestamp": {
        "$date": "2025-10-09T18:50:44.634Z"
      },
      "note": "Status changed to confirmed",
      "_id": {
        "$oid": "68e804048be0aaf5228ada3c"
      }
    },
    {
      "status": "delivered",
      "timestamp": {
        "$date": "2025-10-13T03:27:17.698Z"
      },
      "note": "",
      "updatedBy": {
        "$oid": "68e7cbaac8d4bc217fceacdc"
      },
      "_id": {
        "$oid": "68ec71954a4c7c8b62fc90d2"
      }
    },
    {
      "status": "delivered",
      "timestamp": {
        "$date": "2025-10-13T03:27:17.704Z"
      },
      "note": "Status changed to delivered",
      "_id": {
        "$oid": "68ec71954a4c7c8b62fc90d3"
      }
    },
    {
      "status": "confirmed",
      "timestamp": {
        "$date": "2025-10-13T07:43:37.851Z"
      },
      "note": "",
      "updatedBy": {
        "$oid": "68e7cbaac8d4bc217fceacdc"
      },
      "_id": {
        "$oid": "68ecada9a200249e993894ee"
      }
    },
    {
      "status": "confirmed",
      "timestamp": {
        "$date": "2025-10-13T07:43:37.856Z"
      },
      "note": "Status changed to confirmed",
      "_id": {
        "$oid": "68ecada9a200249e993894ef"
      }
    }
  ],
  "createdAt": {
    "$date": "2025-10-09T17:16:18.620Z"
  },
  "updatedAt": {
    "$date": "2025-10-13T07:43:37.857Z"
  },
  "__v": 3
},
{
  "_id": {
    "$oid": "68e7f3e1ccf76e0497d82bfd"
  },
  "orderNumber": "ORD-1760031713661-170ZWFQH2",
  "user": {
    "$oid": "68e7cbaac8d4bc217fceacdc"
  },
  "items": [
    {
      "product": {
        "$oid": "68e7caa2de8d916fbbeef5b6"
      },
      "variant": {
        "$oid": "68e7caa2de8d916fbbeef5b7"
      },
      "productName": "Intel Core i9-13900K",
      "variantName": "Boxed",
      "quantity": 1,
      "price": 15990000,
      "total": 15990000,
      "_id": {
        "$oid": "68e7f3e1ccf76e0497d82bfe"
      }
    },
    {
      "product": {
        "$oid": "68e7caa2de8d916fbbeef5b0"
      },
      "variant": {
        "$oid": "68e7caa2de8d916fbbeef5b1"
      },
      "productName": "NVIDIA GeForce RTX 4090",
      "variantName": "Founders Edition",
      "quantity": 1,
      "price": 45990000,
      "total": 45990000,
      "_id": {
        "$oid": "68e7f3e1ccf76e0497d82bff"
      }
    },
    {
      "product": {
        "$oid": "68e7caa2de8d916fbbeef5ad"
      },
      "variant": {
        "$oid": "68e7caa2de8d916fbbeef5ae"
      },
      "productName": "Gaming PC RTX 4080",
      "variantName": "RTX 4080, 32GB RAM",
      "quantity": 1,
      "price": 35990000,
      "total": 35990000,
      "_id": {
        "$oid": "68e7f3e1ccf76e0497d82c00"
      }
    }
  ],
  "shippingAddress": {
    "fullName": "Nam Huynh",
    "street": "National Highway 50",
    "city": "Ho Chi Minh City",
    "state": "National Highway 50",
    "zipCode": "700000",
    "country": "Vietnam"
  },
  "paymentMethod": "cod",
  "paymentStatus": "pending",
  "status": "shipped",
  "subtotal": 97970000,
  "tax": 9797000,
  "shipping": 0,
  "discount": 3,
  "total": 107766997,
  "loyaltyPointsUsed": 3,
  "loyaltyPointsEarned": 10776699,
  "statusHistory": [
    {
      "status": "confirmed",
      "timestamp": {
        "$date": "2025-10-09T18:50:22.297Z"
      },
      "note": "",
      "updatedBy": {
        "$oid": "68e7caa2de8d916fbbeef59a"
      },
      "_id": {
        "$oid": "68e803ee8be0aaf5228ada0a"
      }
    },
    {
      "status": "confirmed",
      "timestamp": {
        "$date": "2025-10-09T18:50:22.304Z"
      },
      "note": "Status changed to confirmed",
      "_id": {
        "$oid": "68e803ee8be0aaf5228ada0b"
      }
    },
    {
      "status": "shipped",
      "timestamp": {
        "$date": "2025-10-09T18:50:36.339Z"
      },
      "note": "",
      "updatedBy": {
        "$oid": "68e7caa2de8d916fbbeef59a"
      },
      "_id": {
        "$oid": "68e803fc8be0aaf5228ada20"
      }
    },
    {
      "status": "shipped",
      "timestamp": {
        "$date": "2025-10-09T18:50:36.342Z"
      },
      "note": "Status changed to shipped",
      "_id": {
        "$oid": "68e803fc8be0aaf5228ada21"
      }
    }
  ],
  "createdAt": {
    "$date": "2025-10-09T17:41:53.665Z"
  },
  "updatedAt": {
    "$date": "2025-10-09T18:50:36.343Z"
  },
  "__v": 2
},
{
  "_id": {
    "$oid": "68e8b897126f20b45bfdd572"
  },
  "user": {
    "$oid": "68e8189a1028ceb97b231b5d"
  },
  "items": [
    {
      "product": {
        "$oid": "68e7caa2de8d916fbbeef5bf"
      },
      "variant": {
        "$oid": "68e7caa2de8d916fbbeef5c0"
      },
      "productName": "Samsung 980 PRO 2TB NVMe SSD",
      "variantName": "2TB",
      "quantity": 1,
      "price": 5990000,
      "total": 5990000,
      "_id": {
        "$oid": "68e8b897126f20b45bfdd573"
      }
    },
    {
      "product": {
        "$oid": "68e7caa2de8d916fbbeef5c2"
      },
      "variant": {
        "$oid": "68e7caa2de8d916fbbeef5c3"
      },
      "productName": "Logitech MX Master 3S Wireless Mouse",
      "variantName": "Graphite",
      "quantity": 1,
      "price": 2990000,
      "total": 2990000,
      "_id": {
        "$oid": "68e8b897126f20b45bfdd574"
      }
    },
    {
      "product": {
        "$oid": "68e7caa2de8d916fbbeef5bc"
      },
      "variant": {
        "$oid": "68e7caa2de8d916fbbeef5bd"
      },
      "productName": "Corsair Vengeance RGB 32GB DDR5-5600",
      "variantName": "32GB Kit (2x16GB)",
      "quantity": 1,
      "price": 3990000,
      "total": 3990000,
      "_id": {
        "$oid": "68e8b897126f20b45bfdd575"
      }
    },
    {
      "product": {
        "$oid": "68e7caa2de8d916fbbeef5b9"
      },
      "variant": {
        "$oid": "68e7caa2de8d916fbbeef5ba"
      },
      "productName": "AMD Ryzen 9 7950X",
      "variantName": "Boxed",
      "quantity": 1,
      "price": 12990000,
      "total": 12990000,
      "_id": {
        "$oid": "68e8b897126f20b45bfdd576"
      }
    },
    {
      "product": {
        "$oid": "68e7caa2de8d916fbbeef5b3"
      },
      "variant": {
        "$oid": "68e7caa2de8d916fbbeef5b4"
      },
      "productName": "AMD Radeon RX 7900 XTX",
      "variantName": "Reference Design",
      "quantity": 1,
      "price": 25990000,
      "total": 25990000,
      "_id": {
        "$oid": "68e8b897126f20b45bfdd577"
      }
    },
    {
      "product": {
        "$oid": "68e7caa2de8d916fbbeef5b6"
      },
      "variant": {
        "$oid": "68e7caa2de8d916fbbeef5b7"
      },
      "productName": "Intel Core i9-13900K",
      "variantName": "Boxed",
      "quantity": 1,
      "price": 15990000,
      "total": 15990000,
      "_id": {
        "$oid": "68e8b897126f20b45bfdd578"
      }
    }
  ],
  "shippingAddress": {
    "fullName": "An Trị",
    "street": "National Highway 52",
    "city": "Ho Chi Minh City",
    "state": "National Highway 52",
    "zipCode": "700000",
    "country": "Vietnam"
  },
  "paymentMethod": "cod",
  "paymentStatus": "pending",
  "status": "cancelled",
  "subtotal": 67940000,
  "tax": 6794000,
  "shipping": 0,
  "discount": 0,
  "total": 74734000,
  "loyaltyPointsUsed": 0,
  "loyaltyPointsEarned": 7473,
  "orderNumber": "ORD-82071530-N8C4G",
  "statusHistory": [
    {
      "status": "pending",
      "timestamp": {
        "$date": "2025-10-10T07:41:11.538Z"
      },
      "note": "Order created",
      "_id": {
        "$oid": "68e8b897126f20b45bfdd579"
      }
    },
    {
      "status": "pending",
      "timestamp": {
        "$date": "2025-10-10T07:41:11.540Z"
      },
      "note": "Status changed to pending",
      "_id": {
        "$oid": "68e8b897126f20b45bfdd57a"
      }
    },
    {
      "status": "cancelled",
      "timestamp": {
        "$date": "2025-10-10T08:05:31.697Z"
      },
      "note": "Cancelled by customer",
      "updatedBy": {
        "$oid": "68e8189a1028ceb97b231b5d"
      },
      "_id": {
        "$oid": "68e8be4bcb6cae767b655776"
      }
    },
    {
      "status": "cancelled",
      "timestamp": {
        "$date": "2025-10-10T08:05:31.709Z"
      },
      "note": "Status changed to cancelled",
      "_id": {
        "$oid": "68e8be4bcb6cae767b655777"
      }
    }
  ],
  "createdAt": {
    "$date": "2025-10-10T07:41:11.531Z"
  },
  "updatedAt": {
    "$date": "2025-10-10T08:05:31.710Z"
  },
  "__v": 1
},
{
  "_id": {
    "$oid": "68e8b8da126f20b45bfdd711"
  },
  "user": {
    "$oid": "68e8189a1028ceb97b231b5d"
  },
  "items": [
    {
      "product": {
        "$oid": "68e7caa2de8d916fbbeef5ad"
      },
      "variant": {
        "$oid": "68e7caa2de8d916fbbeef5ae"
      },
      "productName": "Gaming PC RTX 4080",
      "variantName": "RTX 4080, 32GB RAM",
      "quantity": 1,
      "price": 35990000,
      "total": 35990000,
      "_id": {
        "$oid": "68e8b8da126f20b45bfdd712"
      }
    }
  ],
  "shippingAddress": {
    "fullName": "An Trị",
    "street": "National Highway 52",
    "city": "Ho Chi Minh City",
    "state": "National Highway 52",
    "zipCode": "700000",
    "country": "Vietnam"
  },
  "paymentMethod": "credit_card",
  "paymentStatus": "pending",
  "status": "pending",
  "subtotal": 35990000,
  "tax": 3599000,
  "shipping": 0,
  "discount": 0,
  "total": 39589000,
  "loyaltyPointsUsed": 0,
  "loyaltyPointsEarned": 3958,
  "orderNumber": "ORD-82138899-GUATH",
  "statusHistory": [
    {
      "status": "pending",
      "timestamp": {
        "$date": "2025-10-10T07:42:18.901Z"
      },
      "note": "Order created",
      "_id": {
        "$oid": "68e8b8da126f20b45bfdd713"
      }
    },
    {
      "status": "pending",
      "timestamp": {
        "$date": "2025-10-10T07:42:18.902Z"
      },
      "note": "Status changed to pending",
      "_id": {
        "$oid": "68e8b8da126f20b45bfdd714"
      }
    }
  ],
  "createdAt": {
    "$date": "2025-10-10T07:42:18.899Z"
  },
  "updatedAt": {
    "$date": "2025-10-10T07:42:18.908Z"
  },
  "__v": 0
},
{
  "_id": {
    "$oid": "68e8b97a126f20b45bfdd7e5"
  },
  "user": {
    "$oid": "68e8189a1028ceb97b231b5d"
  },
  "items": [
    {
      "product": {
        "$oid": "68e7caa2de8d916fbbeef5bf"
      },
      "variant": {
        "$oid": "68e7caa2de8d916fbbeef5c0"
      },
      "productName": "Samsung 980 PRO 2TB NVMe SSD",
      "variantName": "2TB",
      "quantity": 1,
      "price": 5990000,
      "total": 5990000,
      "_id": {
        "$oid": "68e8b97a126f20b45bfdd7e6"
      }
    },
    {
      "product": {
        "$oid": "68e7caa2de8d916fbbeef5c2"
      },
      "variant": {
        "$oid": "68e7caa2de8d916fbbeef5c3"
      },
      "productName": "Logitech MX Master 3S Wireless Mouse",
      "variantName": "Graphite",
      "quantity": 1,
      "price": 2990000,
      "total": 2990000,
      "_id": {
        "$oid": "68e8b97a126f20b45bfdd7e7"
      }
    }
  ],
  "shippingAddress": {
    "fullName": "An Trị",
    "street": "National Highway 52",
    "city": "Ho Chi Minh City",
    "state": "National Highway 52",
    "zipCode": "700000",
    "country": "Vietnam"
  },
  "paymentMethod": "bank_transfer",
  "paymentStatus": "pending",
  "status": "cancelled",
  "subtotal": 8980000,
  "tax": 898000,
  "shipping": 0,
  "discount": 0,
  "total": 9878000,
  "loyaltyPointsUsed": 0,
  "loyaltyPointsEarned": 987,
  "orderNumber": "ORD-82298333-1YWZ8",
  "statusHistory": [
    {
      "status": "pending",
      "timestamp": {
        "$date": "2025-10-10T07:44:58.336Z"
      },
      "note": "Order created",
      "_id": {
        "$oid": "68e8b97a126f20b45bfdd7e8"
      }
    },
    {
      "status": "pending",
      "timestamp": {
        "$date": "2025-10-10T07:44:58.337Z"
      },
      "note": "Status changed to pending",
      "_id": {
        "$oid": "68e8b97a126f20b45bfdd7e9"
      }
    },
    {
      "status": "cancelled",
      "timestamp": {
        "$date": "2025-10-10T08:14:43.862Z"
      },
      "note": "Cancelled by customer",
      "updatedBy": {
        "$oid": "68e8189a1028ceb97b231b5d"
      },
      "_id": {
        "$oid": "68e8c0731216e0ca2695fe2b"
      }
    },
    {
      "status": "cancelled",
      "timestamp": {
        "$date": "2025-10-10T08:14:43.864Z"
      },
      "note": "Status changed to cancelled",
      "_id": {
        "$oid": "68e8c0731216e0ca2695fe2c"
      }
    }
  ],
  "createdAt": {
    "$date": "2025-10-10T07:44:58.334Z"
  },
  "updatedAt": {
    "$date": "2025-10-10T08:14:43.865Z"
  },
  "__v": 1
},
{
  "_id": {
    "$oid": "68e8b9c6126f20b45bfdd8ad"
  },
  "user": {
    "$oid": "68e8189a1028ceb97b231b5d"
  },
  "items": [
    {
      "product": {
        "$oid": "68e7caa2de8d916fbbeef5ad"
      },
      "variant": {
        "$oid": "68e7caa2de8d916fbbeef5ae"
      },
      "productName": "Gaming PC RTX 4080",
      "variantName": "RTX 4080, 32GB RAM",
      "quantity": 1,
      "price": 35990000,
      "total": 35990000,
      "_id": {
        "$oid": "68e8b9c6126f20b45bfdd8ae"
      }
    },
    {
      "product": {
        "$oid": "68e7caa2de8d916fbbeef5aa"
      },
      "variant": {
        "$oid": "68e7caa2de8d916fbbeef5ab"
      },
      "productName": "Dell XPS 13 Plus",
      "variantName": "16GB RAM, 512GB SSD",
      "quantity": 1,
      "price": 25990000,
      "total": 25990000,
      "_id": {
        "$oid": "68e8b9c6126f20b45bfdd8af"
      }
    }
  ],
  "shippingAddress": {
    "fullName": "An Trị",
    "street": "National Highway 52",
    "city": "Ho Chi Minh City",
    "state": "National Highway 52",
    "zipCode": "700000",
    "country": "Vietnam"
  },
  "paymentMethod": "cod",
  "paymentStatus": "pending",
  "status": "pending",
  "subtotal": 61980000,
  "tax": 6198000,
  "shipping": 0,
  "discount": 0,
  "total": 68178000,
  "loyaltyPointsUsed": 0,
  "loyaltyPointsEarned": 6817,
  "orderNumber": "ORD-82374322-GEG8O",
  "statusHistory": [
    {
      "status": "pending",
      "timestamp": {
        "$date": "2025-10-10T07:46:14.324Z"
      },
      "note": "Order created",
      "_id": {
        "$oid": "68e8b9c6126f20b45bfdd8b0"
      }
    },
    {
      "status": "pending",
      "timestamp": {
        "$date": "2025-10-10T07:46:14.325Z"
      },
      "note": "Status changed to pending",
      "_id": {
        "$oid": "68e8b9c6126f20b45bfdd8b1"
      }
    }
  ],
  "createdAt": {
    "$date": "2025-10-10T07:46:14.322Z"
  },
  "updatedAt": {
    "$date": "2025-10-10T07:46:14.330Z"
  },
  "__v": 0
},
{
  "_id": {
    "$oid": "68e8b9db26ca5c61a30f2e78"
  },
  "user": {
    "$oid": "68e8189a1028ceb97b231b5d"
  },
  "items": [
    {
      "product": {
        "$oid": "68e7caa2de8d916fbbeef5a6"
      },
      "variant": {
        "$oid": "68e7caa2de8d916fbbeef5a7"
      },
      "productName": "MacBook Pro 16-inch M2 Pro",
      "variantName": "16GB RAM, 512GB SSD",
      "quantity": 3,
      "price": 45990000,
      "total": 137970000,
      "_id": {
        "$oid": "68e8b9db26ca5c61a30f2e79"
      }
    }
  ],
  "shippingAddress": {
    "fullName": "An Trị",
    "street": "National Highway 52",
    "city": "Ho Chi Minh City",
    "state": "National Highway 52",
    "zipCode": "700000",
    "country": "Vietnam"
  },
  "paymentMethod": "cod",
  "paymentStatus": "pending",
  "status": "cancelled",
  "subtotal": 137970000,
  "tax": 13797000,
  "shipping": 0,
  "discount": 0,
  "total": 151767000,
  "loyaltyPointsUsed": 0,
  "loyaltyPointsEarned": 15176,
  "orderNumber": "ORD-82395513-T3YXX",
  "statusHistory": [
    {
      "status": "pending",
      "timestamp": {
        "$date": "2025-10-10T07:46:35.516Z"
      },
      "note": "Order created",
      "_id": {
        "$oid": "68e8b9db26ca5c61a30f2e7a"
      }
    },
    {
      "status": "pending",
      "timestamp": {
        "$date": "2025-10-10T07:46:35.517Z"
      },
      "note": "Status changed to pending",
      "_id": {
        "$oid": "68e8b9db26ca5c61a30f2e7b"
      }
    },
    {
      "status": "cancelled",
      "timestamp": {
        "$date": "2025-10-10T08:09:11.279Z"
      },
      "note": "Cancelled by customer",
      "updatedBy": {
        "$oid": "68e8189a1028ceb97b231b5d"
      },
      "_id": {
        "$oid": "68e8bf27cb6cae767b655a9b"
      }
    },
    {
      "status": "cancelled",
      "timestamp": {
        "$date": "2025-10-10T08:09:11.281Z"
      },
      "note": "Status changed to cancelled",
      "_id": {
        "$oid": "68e8bf27cb6cae767b655a9c"
      }
    }
  ],
  "createdAt": {
    "$date": "2025-10-10T07:46:35.514Z"
  },
  "updatedAt": {
    "$date": "2025-10-10T08:09:11.281Z"
  },
  "__v": 1
},
{
  "_id": {
    "$oid": "68e8c0491216e0ca2695fda3"
  },
  "user": {
    "$oid": "68e8189a1028ceb97b231b5d"
  },
  "items": [
    {
      "product": {
        "$oid": "68e7caa2de8d916fbbeef5c2"
      },
      "variant": {
        "$oid": "68e7caa2de8d916fbbeef5c3"
      },
      "productName": "Logitech MX Master 3S Wireless Mouse",
      "variantName": "Graphite",
      "quantity": 1,
      "price": 2990000,
      "total": 2990000,
      "_id": {
        "$oid": "68e8c0491216e0ca2695fda4"
      }
    },
    {
      "product": {
        "$oid": "68e7caa2de8d916fbbeef5bc"
      },
      "variant": {
        "$oid": "68e7caa2de8d916fbbeef5bd"
      },
      "productName": "Corsair Vengeance RGB 32GB DDR5-5600",
      "variantName": "32GB Kit (2x16GB)",
      "quantity": 1,
      "price": 3990000,
      "total": 3990000,
      "_id": {
        "$oid": "68e8c0491216e0ca2695fda5"
      }
    }
  ],
  "shippingAddress": {
    "fullName": "An Trị",
    "street": "National Highway 52",
    "city": "Ho Chi Minh City",
    "state": "National Highway 52",
    "zipCode": "700000",
    "country": "Vietnam"
  },
  "paymentMethod": "cod",
  "paymentStatus": "pending",
  "status": "delivered",
  "subtotal": 6980000,
  "tax": 698000,
  "shipping": 0,
  "discount": 0,
  "total": 7678000,
  "loyaltyPointsUsed": 0,
  "loyaltyPointsEarned": 767,
  "orderNumber": "ORD-84041084-U64U7",
  "statusHistory": [
    {
      "status": "pending",
      "timestamp": {
        "$date": "2025-10-10T08:14:01.090Z"
      },
      "note": "Order created",
      "_id": {
        "$oid": "68e8c0491216e0ca2695fda6"
      }
    },
    {
      "status": "pending",
      "timestamp": {
        "$date": "2025-10-10T08:14:01.091Z"
      },
      "note": "Status changed to pending",
      "_id": {
        "$oid": "68e8c0491216e0ca2695fda7"
      }
    },
    {
      "status": "cancelled",
      "timestamp": {
        "$date": "2025-10-10T08:15:22.706Z"
      },
      "note": "Cancelled by customer",
      "updatedBy": {
        "$oid": "68e8189a1028ceb97b231b5d"
      },
      "_id": {
        "$oid": "68e8c09a1216e0ca2695feeb"
      }
    },
    {
      "status": "cancelled",
      "timestamp": {
        "$date": "2025-10-10T08:15:22.712Z"
      },
      "note": "Status changed to cancelled",
      "_id": {
        "$oid": "68e8c09a1216e0ca2695feec"
      }
    },
    {
      "status": "shipped",
      "timestamp": {
        "$date": "2025-10-13T07:44:10.669Z"
      },
      "note": "",
      "updatedBy": {
        "$oid": "68e7cbaac8d4bc217fceacdc"
      },
      "_id": {
        "$oid": "68ecadcaa200249e993895d6"
      }
    },
    {
      "status": "shipped",
      "timestamp": {
        "$date": "2025-10-13T07:44:10.672Z"
      },
      "note": "Status changed to shipped",
      "_id": {
        "$oid": "68ecadcaa200249e993895d7"
      }
    },
    {
      "status": "delivered",
      "timestamp": {
        "$date": "2025-10-13T07:51:35.683Z"
      },
      "note": "",
      "updatedBy": {
        "$oid": "68e7cbaac8d4bc217fceacdc"
      },
      "_id": {
        "$oid": "68ecaf87a200249e99389e83"
      }
    },
    {
      "status": "delivered",
      "timestamp": {
        "$date": "2025-10-13T07:51:35.686Z"
      },
      "note": "Status changed to delivered",
      "_id": {
        "$oid": "68ecaf87a200249e99389e84"
      }
    }
  ],
  "createdAt": {
    "$date": "2025-10-10T08:14:01.084Z"
  },
  "updatedAt": {
    "$date": "2025-10-13T07:51:35.686Z"
  },
  "__v": 3
},
{
  "_id": {
    "$oid": "68e8c5391216e0ca2696030b"
  },
  "user": {
    "$oid": "68e8189a1028ceb97b231b5d"
  },
  "items": [
    {
      "product": {
        "$oid": "68e7caa2de8d916fbbeef5c2"
      },
      "variant": {
        "$oid": "68e7caa2de8d916fbbeef5c3"
      },
      "productName": "Logitech MX Master 3S Wireless Mouse",
      "variantName": "Graphite",
      "quantity": 1,
      "price": 2990000,
      "total": 2990000,
      "_id": {
        "$oid": "68e8c5391216e0ca2696030c"
      }
    },
    {
      "product": {
        "$oid": "68e7caa2de8d916fbbeef5bc"
      },
      "variant": {
        "$oid": "68e7caa2de8d916fbbeef5bd"
      },
      "productName": "Corsair Vengeance RGB 32GB DDR5-5600",
      "variantName": "32GB Kit (2x16GB)",
      "quantity": 1,
      "price": 3990000,
      "total": 3990000,
      "_id": {
        "$oid": "68e8c5391216e0ca2696030d"
      }
    }
  ],
  "shippingAddress": {
    "fullName": "An Trị",
    "street": "National Highway 52",
    "city": "Ho Chi Minh City",
    "state": "National Highway 52",
    "zipCode": "700000",
    "country": "Vietnam"
  },
  "paymentMethod": "cod",
  "paymentStatus": "pending",
  "status": "pending",
  "subtotal": 6980000,
  "tax": 698000,
  "shipping": 0,
  "discount": 50000,
  "total": 648000,
  "discountCode": "SALES",
  "loyaltyPointsUsed": 6980000,
  "loyaltyPointsEarned": 64,
  "orderNumber": "ORD-85305836-5ZDJA",
  "statusHistory": [
    {
      "status": "pending",
      "timestamp": {
        "$date": "2025-10-10T08:35:05.839Z"
      },
      "note": "Order created",
      "_id": {
        "$oid": "68e8c5391216e0ca2696030e"
      }
    },
    {
      "status": "pending",
      "timestamp": {
        "$date": "2025-10-10T08:35:05.840Z"
      },
      "note": "Status changed to pending",
      "_id": {
        "$oid": "68e8c5391216e0ca2696030f"
      }
    }
  ],
  "createdAt": {
    "$date": "2025-10-10T08:35:05.836Z"
  },
  "updatedAt": {
    "$date": "2025-10-10T08:35:05.848Z"
  },
  "__v": 0
},
{
  "_id": {
    "$oid": "68e8c6a4d40803ceed408178"
  },
  "user": {
    "$oid": "68e8189a1028ceb97b231b5d"
  },
  "items": [
    {
      "product": {
        "$oid": "68e7caa2de8d916fbbeef5b0"
      },
      "variant": {
        "$oid": "68e7caa2de8d916fbbeef5b1"
      },
      "productName": "NVIDIA GeForce RTX 4090",
      "variantName": "Founders Edition",
      "quantity": 1,
      "price": 45990000,
      "total": 45990000,
      "_id": {
        "$oid": "68e8c6a4d40803ceed408179"
      }
    },
    {
      "product": {
        "$oid": "68e7caa2de8d916fbbeef5ad"
      },
      "variant": {
        "$oid": "68e7caa2de8d916fbbeef5ae"
      },
      "productName": "Gaming PC RTX 4080",
      "variantName": "RTX 4080, 32GB RAM",
      "quantity": 1,
      "price": 35990000,
      "total": 35990000,
      "_id": {
        "$oid": "68e8c6a4d40803ceed40817a"
      }
    },
    {
      "product": {
        "$oid": "68e7caa2de8d916fbbeef5a6"
      },
      "variant": {
        "$oid": "68e7caa2de8d916fbbeef5a7"
      },
      "productName": "MacBook Pro 16-inch M2 Pro",
      "variantName": "16GB RAM, 512GB SSD",
      "quantity": 1,
      "price": 45990000,
      "total": 45990000,
      "_id": {
        "$oid": "68e8c6a4d40803ceed40817b"
      }
    }
  ],
  "shippingAddress": {
    "fullName": "An Trị",
    "street": "National Highway 52",
    "city": "Ho Chi Minh City",
    "state": "National Highway 52",
    "zipCode": "700000",
    "country": "Vietnam"
  },
  "paymentMethod": "cod",
  "paymentStatus": "pending",
  "status": "pending",
  "subtotal": 127970000,
  "tax": 12797000,
  "shipping": 0,
  "discount": 50000,
  "total": 140717000,
  "discountCode": "SALES",
  "loyaltyPointsUsed": 0,
  "loyaltyPointsEarned": 14071,
  "orderNumber": "ORD-85668668-FR27A",
  "statusHistory": [
    {
      "status": "pending",
      "timestamp": {
        "$date": "2025-10-10T08:41:08.671Z"
      },
      "note": "Order created",
      "_id": {
        "$oid": "68e8c6a4d40803ceed40817c"
      }
    },
    {
      "status": "pending",
      "timestamp": {
        "$date": "2025-10-10T08:41:08.672Z"
      },
      "note": "Status changed to pending",
      "_id": {
        "$oid": "68e8c6a4d40803ceed40817d"
      }
    }
  ],
  "createdAt": {
    "$date": "2025-10-10T08:41:08.668Z"
  },
  "updatedAt": {
    "$date": "2025-10-10T08:41:08.694Z"
  },
  "__v": 0
},
{
  "_id": {
    "$oid": "68e8c792d40803ceed4082af"
  },
  "user": {
    "$oid": "68e8189a1028ceb97b231b5d"
  },
  "items": [
    {
      "product": {
        "$oid": "68e7caa2de8d916fbbeef5b3"
      },
      "variant": {
        "$oid": "68e7caa2de8d916fbbeef5b4"
      },
      "productName": "AMD Radeon RX 7900 XTX",
      "variantName": "Reference Design",
      "quantity": 1,
      "price": 25990000,
      "total": 25990000,
      "_id": {
        "$oid": "68e8c792d40803ceed4082b0"
      }
    }
  ],
  "shippingAddress": {
    "fullName": "An Trị",
    "street": "National Highway 52",
    "city": "Ho Chi Minh City",
    "state": "National Highway 52",
    "zipCode": "700000",
    "country": "Vietnam"
  },
  "paymentMethod": "cod",
  "paymentStatus": "pending",
  "status": "pending",
  "subtotal": 25990000,
  "tax": 2599000,
  "shipping": 0,
  "discount": 0,
  "total": 28589000,
  "loyaltyPointsUsed": 0,
  "loyaltyPointsEarned": 2858,
  "orderNumber": "ORD-85906442-1U869",
  "statusHistory": [
    {
      "status": "pending",
      "timestamp": {
        "$date": "2025-10-10T08:45:06.444Z"
      },
      "note": "Order created",
      "_id": {
        "$oid": "68e8c792d40803ceed4082b1"
      }
    },
    {
      "status": "pending",
      "timestamp": {
        "$date": "2025-10-10T08:45:06.445Z"
      },
      "note": "Status changed to pending",
      "_id": {
        "$oid": "68e8c792d40803ceed4082b2"
      }
    }
  ],
  "createdAt": {
    "$date": "2025-10-10T08:45:06.442Z"
  },
  "updatedAt": {
    "$date": "2025-10-10T08:45:06.451Z"
  },
  "__v": 0
},
{
  "_id": {
    "$oid": "68ecaebea200249e993899f3"
  },
  "user": {
    "$oid": "68e7cbaac8d4bc217fceacdc"
  },
  "items": [
    {
      "product": {
        "$oid": "68e7caa2de8d916fbbeef5bf"
      },
      "variant": {
        "$oid": "68ec73664a4c7c8b62fc9551"
      },
      "productName": "Samsung 980 PRO 2TB NVMe SSD",
      "variantName": "2TB",
      "quantity": 10,
      "price": 5500000,
      "total": 55000000,
      "_id": {
        "$oid": "68ecaebea200249e993899f4"
      }
    }
  ],
  "shippingAddress": {
    "fullName": "Nam Huynh",
    "street": "National Highway 50",
    "city": "Ho Chi Minh City",
    "state": "National Highway 50",
    "zipCode": "700000",
    "country": "Vietnam"
  },
  "paymentMethod": "cod",
  "paymentStatus": "pending",
  "status": "confirmed",
  "subtotal": 55000000,
  "tax": 5500000,
  "shipping": 0,
  "discount": 0,
  "total": 60500000,
  "loyaltyPointsUsed": 0,
  "loyaltyPointsEarned": 6050,
  "orderNumber": "ORD-41694564-AQR65",
  "statusHistory": [
    {
      "status": "pending",
      "timestamp": {
        "$date": "2025-10-13T07:48:14.567Z"
      },
      "note": "Order created",
      "_id": {
        "$oid": "68ecaebea200249e993899f5"
      }
    },
    {
      "status": "pending",
      "timestamp": {
        "$date": "2025-10-13T07:48:14.568Z"
      },
      "note": "Status changed to pending",
      "_id": {
        "$oid": "68ecaebea200249e993899f6"
      }
    },
    {
      "status": "confirmed",
      "timestamp": {
        "$date": "2025-10-13T07:50:59.715Z"
      },
      "note": "",
      "updatedBy": {
        "$oid": "68e7cbaac8d4bc217fceacdc"
      },
      "_id": {
        "$oid": "68ecaf63a200249e99389dcd"
      }
    },
    {
      "status": "confirmed",
      "timestamp": {
        "$date": "2025-10-13T07:50:59.717Z"
      },
      "note": "Status changed to confirmed",
      "_id": {
        "$oid": "68ecaf63a200249e99389dce"
      }
    }
  ],
  "createdAt": {
    "$date": "2025-10-13T07:48:14.565Z"
  },
  "updatedAt": {
    "$date": "2025-10-13T07:50:59.717Z"
  },
  "__v": 1
},
{
  "_id": {
    "$oid": "68eccdff61952302bbe0a7ce"
  },
  "user": {
    "$oid": "68ecc16ec7e4a530a78dbc89"
  },
  "items": [
    {
      "product": {
        "$oid": "68e7caa2de8d916fbbeef5bf"
      },
      "variant": {
        "$oid": "68ec73664a4c7c8b62fc9551"
      },
      "productName": "Samsung 980 PRO 2TB NVMe SSD",
      "variantName": "2TB",
      "quantity": 1,
      "price": 5500000,
      "total": 5500000,
      "_id": {
        "$oid": "68eccdff61952302bbe0a7cf"
      }
    },
    {
      "product": {
        "$oid": "68e7caa2de8d916fbbeef5b6"
      },
      "variant": {
        "$oid": "68ec793c4a4c7c8b62fc9db4"
      },
      "productName": "Intel Core i9-13900K",
      "variantName": "DDR4",
      "quantity": 1,
      "price": 16590000,
      "total": 16590000,
      "_id": {
        "$oid": "68eccdff61952302bbe0a7d0"
      }
    },
    {
      "product": {
        "$oid": "68e7caa2de8d916fbbeef5b0"
      },
      "variant": {
        "$oid": "68ec7a7b4a4c7c8b62fc9e1e"
      },
      "productName": "NVIDIA GeForce RTX 4090",
      "variantName": "x 2 (Native HDMI 2.1)",
      "quantity": 1,
      "price": 62990000,
      "total": 62990000,
      "_id": {
        "$oid": "68eccdff61952302bbe0a7d1"
      }
    },
    {
      "product": {
        "$oid": "68e7caa2de8d916fbbeef5ad"
      },
      "variant": {
        "$oid": "68ec7b6c4a4c7c8b62fc9e8e"
      },
      "productName": "Gaming PC RTX 4080",
      "variantName": "CPU INTEL CORE I7 14700K",
      "quantity": 1,
      "price": 49860000,
      "total": 49860000,
      "_id": {
        "$oid": "68eccdff61952302bbe0a7d2"
      }
    }
  ],
  "shippingAddress": {
    "fullName": "Cao Lam",
    "street": "National Highway 10",
    "city": "Ho Chi Minh City",
    "state": "National Highway 10",
    "zipCode": "700000",
    "country": "Vietnam"
  },
  "paymentMethod": "cod",
  "paymentStatus": "pending",
  "status": "pending",
  "subtotal": 134940000,
  "tax": 13494000,
  "shipping": 0,
  "discount": 134940000,
  "total": 13494000,
  "discountCode": "TEST1",
  "loyaltyPointsUsed": 0,
  "loyaltyPointsEarned": 1349,
  "orderNumber": "ORD-49695186-8ASRT",
  "statusHistory": [
    {
      "status": "pending",
      "timestamp": {
        "$date": "2025-10-13T10:01:35.192Z"
      },
      "note": "Order created",
      "_id": {
        "$oid": "68eccdff61952302bbe0a7d3"
      }
    },
    {
      "status": "pending",
      "timestamp": {
        "$date": "2025-10-13T10:01:35.194Z"
      },
      "note": "Status changed to pending",
      "_id": {
        "$oid": "68eccdff61952302bbe0a7d4"
      }
    }
  ],
  "createdAt": {
    "$date": "2025-10-13T10:01:35.186Z"
  },
  "updatedAt": {
    "$date": "2025-10-13T10:01:35.207Z"
  },
  "__v": 0
},
{
  "_id": {
    "$oid": "68ece42e541095fb38d9b0de"
  },
  "user": {
    "$oid": "68ecc16ec7e4a530a78dbc89"
  },
  "items": [
    {
      "product": {
        "$oid": "68e7caa2de8d916fbbeef5b0"
      },
      "variant": {
        "$oid": "68ec7a7b4a4c7c8b62fc9e1e"
      },
      "productName": "NVIDIA GeForce RTX 4090",
      "variantName": "x 2 (Native HDMI 2.1)",
      "quantity": 3,
      "price": 62990000,
      "total": 188970000,
      "_id": {
        "$oid": "68ece42e541095fb38d9b0df"
      }
    },
    {
      "product": {
        "$oid": "68e7caa2de8d916fbbeef5ad"
      },
      "variant": {
        "$oid": "68ec7b6c4a4c7c8b62fc9e8e"
      },
      "productName": "Gaming PC RTX 4080",
      "variantName": "CPU INTEL CORE I7 14700K",
      "quantity": 1,
      "price": 49860000,
      "total": 49860000,
      "_id": {
        "$oid": "68ece42e541095fb38d9b0e0"
      }
    },
    {
      "product": {
        "$oid": "68e7caa2de8d916fbbeef5b3"
      },
      "variant": {
        "$oid": "68ec77a64a4c7c8b62fc9b4c"
      },
      "productName": "AMD Radeon RX 7900 XTX",
      "variantName": "2300 MHz",
      "quantity": 1,
      "price": 28990000,
      "total": 28990000,
      "_id": {
        "$oid": "68ece42e541095fb38d9b0e1"
      }
    }
  ],
  "shippingAddress": {
    "fullName": "Cao Lam",
    "street": "National Highway 10",
    "city": "Ho Chi Minh City",
    "state": "National Highway 10",
    "zipCode": "700000",
    "country": "Vietnam"
  },
  "paymentMethod": "cod",
  "paymentStatus": "pending",
  "status": "pending",
  "subtotal": 267820000,
  "tax": 26782000,
  "shipping": 0,
  "discount": 222222222,
  "total": 71030778,
  "discountCode": "test1",
  "loyaltyPointsUsed": 1349000,
  "loyaltyPointsEarned": 7103,
  "orderNumber": "ORD-55374236-CADSA",
  "statusHistory": [
    {
      "status": "pending",
      "timestamp": {
        "$date": "2025-10-13T11:36:14.242Z"
      },
      "note": "Order created",
      "_id": {
        "$oid": "68ece42e541095fb38d9b0e2"
      }
    },
    {
      "status": "pending",
      "timestamp": {
        "$date": "2025-10-13T11:36:14.246Z"
      },
      "note": "Status changed to pending",
      "_id": {
        "$oid": "68ece42e541095fb38d9b0e3"
      }
    }
  ],
  "createdAt": {
    "$date": "2025-10-13T11:36:14.237Z"
  },
  "updatedAt": {
    "$date": "2025-10-13T11:36:14.263Z"
  },
  "__v": 0
},
{
  "_id": {
    "$oid": "68ece584541095fb38d9b82a"
  },
  "user": {
    "$oid": "68ecc16ec7e4a530a78dbc89"
  },
  "items": [
    {
      "product": {
        "$oid": "68e7caa2de8d916fbbeef5b0"
      },
      "variant": {
        "$oid": "68ec7a7b4a4c7c8b62fc9e1e"
      },
      "productName": "NVIDIA GeForce RTX 4090",
      "variantName": "x 2 (Native HDMI 2.1)",
      "quantity": 1,
      "price": 62990000,
      "total": 62990000,
      "_id": {
        "$oid": "68ece584541095fb38d9b82b"
      }
    }
  ],
  "shippingAddress": {
    "fullName": "Cao Lam",
    "street": "National Highway 10",
    "city": "Ho Chi Minh City",
    "state": "National Highway 10",
    "zipCode": "700000",
    "country": "Vietnam"
  },
  "paymentMethod": "cod",
  "paymentStatus": "pending",
  "status": "pending",
  "subtotal": 62990000,
  "tax": 6299000,
  "shipping": 0,
  "discount": 0,
  "total": 69289000,
  "loyaltyPointsUsed": 0,
  "loyaltyPointsEarned": 6928,
  "orderNumber": "ORD-55716790-0019R",
  "statusHistory": [
    {
      "status": "pending",
      "timestamp": {
        "$date": "2025-10-13T11:41:56.794Z"
      },
      "note": "Order created",
      "_id": {
        "$oid": "68ece584541095fb38d9b82c"
      }
    },
    {
      "status": "pending",
      "timestamp": {
        "$date": "2025-10-13T11:41:56.796Z"
      },
      "note": "Status changed to pending",
      "_id": {
        "$oid": "68ece584541095fb38d9b82d"
      }
    }
  ],
  "createdAt": {
    "$date": "2025-10-13T11:41:56.790Z"
  },
  "updatedAt": {
    "$date": "2025-10-13T11:41:56.800Z"
  },
  "__v": 0
}]