[{
  "_id": {
    "$oid": "68e7caa2de8d916fbbeef5d3"
  },
  "product": {
    "$oid": "68e7caa2de8d916fbbeef5a6"
  },
  "user": {
    "$oid": "68e7caa2de8d916fbbeef59c"
  },
  "rating": 5,
  "title": "Excellent laptop!",
  "comment": "The MacBook Pro is amazing. Great performance and build quality.",
  "isVerified": true,
  "isApproved": true,
  "isActive": true,
  "helpfulVotes": 0,
  "totalVotes": 0,
  "verifiedPurchase": false,
  "images": [],
  "createdAt": {
    "$date": "2025-10-09T14:45:54.173Z"
  },
  "updatedAt": {
    "$date": "2025-10-09T14:45:54.173Z"
  },
  "__v": 0
},
{
  "_id": {
    "$oid": "68e7caa2de8d916fbbeef5d4"
  },
  "product": {
    "$oid": "68e7caa2de8d916fbbeef5a6"
  },
  "user": {
    "$oid": "68e7caa2de8d916fbbeef59e"
  },
  "rating": 4,
  "title": "Very good, but expensive",
  "comment": "Great laptop but quite expensive. Performance is excellent though.",
  "isVerified": true,
  "isApproved": true,
  "isActive": true,
  "helpfulVotes": 0,
  "totalVotes": 0,
  "verifiedPurchase": false,
  "images": [],
  "createdAt": {
    "$date": "2025-10-09T14:45:54.173Z"
  },
  "updatedAt": {
    "$date": "2025-10-09T14:45:54.173Z"
  },
  "__v": 0
},
{
  "_id": {
    "$oid": "68e7caa2de8d916fbbeef5d5"
  },
  "product": {
    "$oid": "68e7caa2de8d916fbbeef5b0"
  },
  "user": {
    "$oid": "68e7caa2de8d916fbbeef59c"
  },
  "rating": 5,
  "title": "Incredible performance!",
  "comment": "This graphics card is a beast. Handles everything at 4K with ease.",
  "isVerified": true,
  "isApproved": true,
  "isActive": true,
  "helpfulVotes": 0,
  "totalVotes": 0,
  "verifiedPurchase": false,
  "images": [],
  "createdAt": {
    "$date": "2025-10-09T14:45:54.173Z"
  },
  "updatedAt": {
    "$date": "2025-10-09T14:45:54.173Z"
  },
  "__v": 0
},
{
  "_id": {
    "$oid": "68e7f247ccf76e0497d82940"
  },
  "product": {
    "$oid": "68e7caa2de8d916fbbeef5b0"
  },
  "anonymousUser": {
    "name": "fsdsadsa",
    "email": ""
  },
  "rating": null,
  "title": "fasdafds",
  "comment": "ádasdfasfsdasadffasdsaf",
  "isVerified": false,
  "isApproved": true,
  "isActive": true,
  "helpfulVotes": 0,
  "totalVotes": 0,
  "verifiedPurchase": false,
  "images": [],
  "createdAt": {
    "$date": "2025-10-09T17:35:03.400Z"
  },
  "updatedAt": {
    "$date": "2025-10-09T17:35:03.414Z"
  },
  "__v": 0
},
{
  "_id": {
    "$oid": "68e7f252ccf76e0497d8294f"
  },
  "product": {
    "$oid": "68e7caa2de8d916fbbeef5b0"
  },
  "user": {
    "$oid": "68e7cbaac8d4bc217fceacdc"
  },
  "rating": 5,
  "title": "fasfasfdasds",
  "comment": "ádfasfdadsdsf",
  "isVerified": false,
  "isApproved": true,
  "isActive": true,
  "helpfulVotes": 0,
  "totalVotes": 0,
  "verifiedPurchase": false,
  "images": [],
  "createdAt": {
    "$date": "2025-10-09T17:35:14.999Z"
  },
  "updatedAt": {
    "$date": "2025-10-09T17:35:15.000Z"
  },
  "__v": 0
},
{
  "_id": {
    "$oid": "68e81b91110ae4bcec3c4963"
  },
  "product": {
    "$oid": "68e7caa2de8d916fbbeef5a6"
  },
  "user": {
    "$oid": "68e8189a1028ceb97b231b5d"
  },
  "rating": 4,
  "title": "Customer Review",
  "comment": "2222222222222222",
  "isVerified": false,
  "isApproved": true,
  "isActive": true,
  "helpfulVotes": 0,
  "totalVotes": 0,
  "verifiedPurchase": false,
  "images": [],
  "createdAt": {
    "$date": "2025-10-09T20:31:13.824Z"
  },
  "updatedAt": {
    "$date": "2025-10-09T20:31:13.825Z"
  },
  "__v": 0
}]