[{
  "_id": {
    "$oid": "68ecc06dc7e4a530a78db81c"
  },
  "code": "TEST1",
  "description": "t1111111",
  "discountType": "fixed",
  "discountValue": 222222222,
  "maxUses": 10,
  "usedCount": 2,
  "minOrderAmount": 2,
  "applicableProducts": [],
  "applicableCategories": [],
  "applicableUsers": [],
  "isFirstTimeOnly": false,
  "isActive": true,
  "isPublic": true,
  "createdBy": {
    "$oid": "68e7cbaac8d4bc217fceacdc"
  },
  "usageHistory": [
    {
      "user": {
        "$oid": "68ecc16ec7e4a530a78dbc89"
      },
      "order": {
        "$oid": "68eccdff61952302bbe0a7ce"
      },
      "discountAmount": 134940000,
      "usedAt": {
        "$date": "2025-10-13T10:01:35.220Z"
      },
      "_id": {
        "$oid": "68eccdff61952302bbe0a7d9"
      }
    },
    {
      "user": {
        "$oid": "68ecc16ec7e4a530a78dbc89"
      },
      "order": {
        "$oid": "68ece42e541095fb38d9b0de"
      },
      "discountAmount": 222222222,
      "usedAt": {
        "$date": "2025-10-13T11:36:14.273Z"
      },
      "_id": {
        "$oid": "68ece42e541095fb38d9b0e9"
      }
    }
  ],
  "createdAt": {
    "$date": "2025-10-13T09:03:41.641Z"
  },
  "updatedAt": {
    "$date": "2025-10-13T11:36:14.278Z"
  },
  "__v": 2
}]